{"stats":{"minecraft:mined":{"minecraft:short_grass":3},"minecraft:killed_by":{"minecraft:player":1},"minecraft:custom":{"minecraft:jump":64,"minecraft:time_since_rest":2549,"minecraft:deaths":1,"minecraft:damage_dealt":97,"minecraft:play_time":5880,"minecraft:leave_game":2,"minecraft:sprint_one_cm":3972,"minecraft:damage_taken":293,"minecraft:time_since_death":2516,"minecraft:walk_one_cm":4401,"minecraft:sneak_time":9,"minecraft:total_world_time":5880,"minecraft:fall_one_cm":5953,"minecraft:fly_one_cm":10694}},"DataVersion":3953}