{"stats":{"minecraft:mined":{"minecraft:short_grass":3},"minecraft:killed_by":{"minecraft:player":4},"minecraft:custom":{"minecraft:jump":87,"minecraft:time_since_rest":1446,"minecraft:damage_taken":1152,"minecraft:damage_dealt":97,"minecraft:walk_one_cm":6890,"minecraft:leave_game":6,"minecraft:sprint_one_cm":6370,"minecraft:play_time":11464,"minecraft:time_since_death":824,"minecraft:walk_on_water_one_cm":565,"minecraft:deaths":4,"minecraft:sneak_time":9,"minecraft:total_world_time":11464,"minecraft:walk_under_water_one_cm":892,"minecraft:fall_one_cm":7070,"minecraft:fly_one_cm":11950},"minecraft:picked_up":{"minecraft:stick":1,"minecraft:birch_sapling":3}},"DataVersion":3953}