{"stats":{"minecraft:mined":{"minecraft:birch_leaves":1,"minecraft:coal_ore":2,"minecraft:grass_block":5,"minecraft:oak_log":17,"minecraft:stone":30,"minecraft:oak_leaves":7},"minecraft:killed_by":{"minecraft:player":1},"minecraft:used":{"minecraft:stone_pickaxe":15,"minecraft:wooden_pickaxe":17,"minecraft:stone_axe":17,"minecraft:dirt":2,"minecraft:crafting_table":1,"minecraft:golden_axe":2},"minecraft:custom":{"minecraft:time_since_rest":8696,"minecraft:interact_with_furnace":2,"minecraft:sprint_one_cm":64017,"minecraft:damage_taken":652,"minecraft:walk_one_cm":35885,"minecraft:mob_kills":4,"minecraft:damage_dealt":1176,"minecraft:swim_one_cm":8580,"minecraft:interact_with_crafting_table":4,"minecraft:fly_one_cm":126838,"minecraft:open_chest":3,"minecraft:crouch_one_cm":1393,"minecraft:play_time":16548,"minecraft:deaths":2,"minecraft:sneak_time":405,"minecraft:walk_under_water_one_cm":200,"minecraft:jump":568,"minecraft:leave_game":2,"minecraft:time_since_death":8665,"minecraft:walk_on_water_one_cm":1017,"minecraft:total_world_time":16548,"minecraft:fall_one_cm":21486},"minecraft:picked_up":{"minecraft:stick":2,"minecraft:golden_axe":1,"minecraft:oak_log":23,"minecraft:spider_eye":1,"minecraft:dirt":7,"minecraft:flint_and_steel":1,"minecraft:arrow":4,"minecraft:bone":1,"minecraft:coal":2,"minecraft:cobblestone":30},"minecraft:killed":{"minecraft:skeleton":2,"minecraft:spider":1,"minecraft:creeper":1},"minecraft:crafted":{"minecraft:oak_planks":44,"minecraft:crafting_table":1,"minecraft:stick":8,"minecraft:wooden_pickaxe":1,"minecraft:stone_pickaxe":1,"minecraft:stone_axe":1}},"DataVersion":3953}