{"stats":{"minecraft:mined":{"minecraft:grass_block":5,"minecraft:oak_log":6,"minecraft:birch_leaves":1,"minecraft:oak_leaves":4},"minecraft:killed_by":{"minecraft:player":1},"minecraft:used":{"minecraft:dirt":2,"minecraft:golden_axe":2},"minecraft:custom":{"minecraft:time_since_rest":1716,"minecraft:open_chest":3,"minecraft:walk_one_cm":18561,"minecraft:play_time":9568,"minecraft:sprint_one_cm":40113,"minecraft:damage_taken":467,"minecraft:deaths":2,"minecraft:sneak_time":2,"minecraft:walk_under_water_one_cm":200,"minecraft:jump":349,"minecraft:damage_dealt":281,"minecraft:leave_game":1,"minecraft:time_since_death":1685,"minecraft:walk_on_water_one_cm":1017,"minecraft:total_world_time":9568,"minecraft:swim_one_cm":8580,"minecraft:fall_one_cm":14351,"minecraft:fly_one_cm":76611},"minecraft:picked_up":{"minecraft:flint_and_steel":1,"minecraft:golden_axe":1,"minecraft:oak_log":12,"minecraft:dirt":7}},"DataVersion":3953}