{"stats":{"minecraft:mined":{"minecraft:birch_log":7,"minecraft:iron_ore":7,"minecraft:birch_leaves":3,"minecraft:crafting_table":2,"minecraft:oak_log":4,"minecraft:coal_ore":21,"minecraft:stone":29,"minecraft:oak_leaves":7},"minecraft:dropped":{"minecraft:birch_planks":34,"minecraft:oak_log":6,"minecraft:wooden_axe":1,"minecraft:wooden_sword":1,"minecraft:wooden_pickaxe":1,"minecraft:dirt":2},"minecraft:used":{"minecraft:golden_boots":1,"minecraft:wooden_axe":1,"minecraft:apple":1,"minecraft:stone_sword":13,"minecraft:flint_and_steel":1,"minecraft:stone_pickaxe":55,"minecraft:oak_planks":2,"minecraft:wooden_pickaxe":3,"minecraft:wooden_sword":6,"minecraft:cobblestone":4,"minecraft:beef":3,"minecraft:crafting_table":3,"minecraft:furnace":1,"minecraft:cooked_mutton":1,"minecraft:golden_axe":15},"minecraft:custom":{"minecraft:time_since_rest":8335,"minecraft:interact_with_furnace":12,"minecraft:sprint_one_cm":38720,"minecraft:damage_taken":432,"minecraft:walk_one_cm":13883,"minecraft:mob_kills":2,"minecraft:drop":6,"minecraft:damage_dealt":1294,"minecraft:player_kills":5,"minecraft:interact_with_crafting_table":8,"minecraft:fly_one_cm":87421,"minecraft:open_chest":2,"minecraft:crouch_one_cm":6318,"minecraft:play_time":11373,"minecraft:deaths":1,"minecraft:sneak_time":2093,"minecraft:jump":413,"minecraft:leave_game":1,"minecraft:time_since_death":8312,"minecraft:total_world_time":11373,"minecraft:fall_one_cm":15046},"minecraft:picked_up":{"minecraft:birch_log":7,"minecraft:stick":21,"minecraft:crafting_table":3,"minecraft:raw_iron":11,"minecraft:clock":1,"minecraft:wooden_pickaxe":1,"minecraft:birch_planks":34,"minecraft:golden_axe":2,"minecraft:oak_log":16,"minecraft:golden_boots":1,"minecraft:dirt":4,"minecraft:wooden_sword":1,"minecraft:flint_and_steel":2,"minecraft:apple":1,"minecraft:beef":3,"minecraft:stone_pickaxe":1,"minecraft:oak_sapling":2,"minecraft:birch_sapling":1,"minecraft:mutton":1,"minecraft:obsidian":2,"minecraft:coal":27,"minecraft:white_wool":1,"minecraft:cobblestone":33,"minecraft:wooden_axe":1},"minecraft:killed":{"minecraft:sheep":1,"minecraft:cow":1},"minecraft:crafted":{"minecraft:wooden_sword":1,"minecraft:oak_planks":16,"minecraft:shield":1,"minecraft:crafting_table":1,"minecraft:stick":20,"minecraft:iron_ingot":7,"minecraft:wooden_pickaxe":1,"minecraft:stone_pickaxe":1,"minecraft:wooden_axe":1,"minecraft:stone_sword":1,"minecraft:furnace":1,"minecraft:birch_planks":28,"minecraft:air":0,"minecraft:cooked_mutton":1}},"DataVersion":3953}