{"stats":{"minecraft:mined":{"minecraft:birch_log":17,"minecraft:birch_leaves":4,"minecraft:oak_log":6,"minecraft:coal_ore":10,"minecraft:stone":11,"minecraft:oak_leaves":1},"minecraft:killed_by":{"minecraft:creeper":1},"minecraft:dropped":{"minecraft:wooden_pickaxe":1},"minecraft:used":{"minecraft:stone_pickaxe":18,"minecraft:wooden_pickaxe":3,"minecraft:stone_axe":24},"minecraft:custom":{"minecraft:time_since_rest":1346,"minecraft:sprint_one_cm":14745,"minecraft:damage_taken":462,"minecraft:walk_one_cm":8428,"minecraft:mob_kills":1,"minecraft:drop":1,"minecraft:damage_dealt":423,"minecraft:swim_one_cm":637,"minecraft:interact_with_crafting_table":3,"minecraft:player_kills":1,"minecraft:fly_one_cm":16918,"minecraft:crouch_one_cm":1221,"minecraft:play_time":5217,"minecraft:deaths":1,"minecraft:sneak_time":941,"minecraft:walk_under_water_one_cm":732,"minecraft:jump":87,"minecraft:leave_game":1,"minecraft:walk_on_water_one_cm":324,"minecraft:time_since_death":1317,"minecraft:total_world_time":5217,"minecraft:fall_one_cm":2150},"minecraft:picked_up":{"minecraft:birch_log":31,"minecraft:stick":8,"minecraft:oak_log":6,"minecraft:dirt":21,"minecraft:rotten_flesh":1,"minecraft:stone_axe":1,"minecraft:stone_pickaxe":1,"minecraft:oak_sapling":10,"minecraft:birch_sapling":1,"minecraft:oak_planks":15,"minecraft:coal":10,"minecraft:cobblestone":12},"minecraft:killed":{"minecraft:zombie":1},"minecraft:crafted":{"minecraft:oak_planks":24,"minecraft:stick":12,"minecraft:wooden_pickaxe":1,"minecraft:stone_pickaxe":1,"minecraft:stone_axe":1}},"DataVersion":3953}