{"stats":{"minecraft:mined":{"minecraft:birch_planks":1,"minecraft:birch_log":14,"minecraft:stone":6},"minecraft:killed_by":{"minecraft:player":2},"minecraft:used":{"minecraft:wooden_axe":8,"minecraft:birch_planks":8,"minecraft:wooden_pickaxe":6},"minecraft:custom":{"minecraft:time_since_rest":2108,"minecraft:crouch_one_cm":363,"minecraft:play_time":9733,"minecraft:interact_with_furnace":2,"minecraft:sprint_one_cm":16773,"minecraft:walk_one_cm":34498,"minecraft:damage_taken":865,"minecraft:deaths":3,"minecraft:sneak_time":143,"minecraft:jump":133,"minecraft:damage_dealt":179,"minecraft:leave_game":1,"minecraft:time_since_death":2083,"minecraft:total_world_time":9733,"minecraft:interact_with_crafting_table":4,"minecraft:fall_one_cm":4874,"minecraft:fly_one_cm":16753},"minecraft:picked_up":{"minecraft:wooden_axe":2,"minecraft:birch_log":14,"minecraft:stick":1,"minecraft:wooden_sword":1,"minecraft:apple":1,"minecraft:wooden_pickaxe":2,"minecraft:birch_planks":88,"minecraft:oak_log":12,"minecraft:birch_sapling":1,"minecraft:dirt":4,"minecraft:cobblestone":16},"minecraft:crafted":{"minecraft:birch_planks":56,"minecraft:stick":12,"minecraft:stone_pickaxe":1}},"DataVersion":3953}